"record_id","reporting_period_id","reporting_period_label","reporting_period_end","reporting_grain","division","district","geography_label","reporting_units","includes_city_reporting_unit","management_priority","delivery_status","qa_status","overall_attention_status","attention_sort","attention_flag","cross_file_review_status","cross_file_review_flag","facilities","facilities_history","facility_count_gap","trainers","anc_sessions","pnc_sessions","scanu_sessions","general_medicine_sessions","general_surgery_sessions","ncd_sessions","total_sessions_quarter","expected_quarter_sessions","benchmark_session_gap","benchmark_session_gap_rate","total_patients","total_caregivers","total_participants","expected_quarter_participants","sessions_vs_target_rate","qa_coverage_rate","sessions_per_facility","participants_per_session","facilities_per_trainer","patient_share_rate","caregiver_share_rate","target_weighted_numerator","qa_weighted_numerator","any_monitoring_anomaly","threshold_note"
"CURRENT_RANGPUR_DINAJPUR","CURRENT_SNAPSHOT","Current quarter - source date not supplied",,"Consolidated district","Rangpur","Dinajpur","Dinajpur, Rangpur, Division",1,FALSE,"Routine monitoring","Critical","Critical","Urgent",1,1,"Review required",1,7,15,-8,3,16,8,5,6,5,4,44,351.55362,-307.55362,-0.874841283102134,79,85,164,8044.038879,0.38,0.57,6.28571428571429,3.72727272727273,2.33333333333333,0.481707317073171,0.518292682926829,16.72,3.99,TRUE,"Demonstration thresholds: delivery on track >=85%; QA strong >=80%; urgent if delivery or QA is below 60%. Confirm before operational use."
"CURRENT_DHAKA_NARAYANGANJ","CURRENT_SNAPSHOT","Current quarter - source date not supplied",,"Consolidated district","Dhaka","Narayanganj","Narayanganj, Dhaka, Division",1,FALSE,"Priority division","Critical","Watch","Urgent",1,1,"Review required",1,15,7,8,7,28,14,5,14,14,21,96,94.816926,1.18307399999999,0.0124774557656509,171,163,334,1893.556506,0.396,0.761,6.4,3.47916666666667,2.14285714285714,0.511976047904192,0.488023952095808,38.016,11.415,TRUE,"Demonstration thresholds: delivery on track >=85%; QA strong >=80%; urgent if delivery or QA is below 60%. Confirm before operational use."
"CURRENT_CHATTOGRAM_NOAKHALI","CURRENT_SNAPSHOT","Current quarter - source date not supplied",,"Consolidated district","Chattogram","Noakhali","Noakhali, Chattogram, Division",1,FALSE,"Priority division","Critical","Watch","Urgent",1,1,"Review required",1,9,12,-3,4,16,14,6,10,9,4,59,203.090514,-144.090514,-0.709489139409042,82,100,182,4381.072413,0.442,0.765,6.55555555555556,3.08474576271186,2.25,0.450549450549451,0.54945054945055,26.078,6.885,TRUE,"Demonstration thresholds: delivery on track >=85%; QA strong >=80%; urgent if delivery or QA is below 60%. Confirm before operational use."
"CURRENT_BARISHAL_BARGUNA","CURRENT_SNAPSHOT","Current quarter - source date not supplied",,"Consolidated district","Barishal","Barguna","Barguna, Barishal, Division",1,FALSE,"Priority division","Watch","Critical","Urgent",1,1,"Review required",1,21,9,12,4,82,71,15,50,84,9,311,216.939243,94.060757,0.433581106393,369,758,1127,6289.066716,0.828,0.55,14.8095238095238,3.62379421221865,5.25,0.327417923691216,0.672582076308784,257.508,11.55,FALSE,"Demonstration thresholds: delivery on track >=85%; QA strong >=80%; urgent if delivery or QA is below 60%. Confirm before operational use."
"CURRENT_RANGPUR_PANCHAGARH","CURRENT_SNAPSHOT","Current quarter - source date not supplied",,"Consolidated district","Rangpur","Panchagarh","Panchagarh, Rangpur, Division",1,FALSE,"Routine monitoring","Watch","Critical","Urgent",1,1,"Review required",1,9,6,3,3,54,36,11,41,12,14,168,82.575969,85.424031,1.03449020380251,356,264,620,2493.142335,0.834,0.52,18.6666666666667,3.69047619047619,3,0.574193548387097,0.425806451612903,140.112,4.68,FALSE,"Demonstration thresholds: delivery on track >=85%; QA strong >=80%; urgent if delivery or QA is below 60%. Confirm before operational use."
"CURRENT_DHAKA_TANGAIL","CURRENT_SNAPSHOT","Current quarter - source date not supplied",,"Consolidated district","Dhaka","Tangail","Tangail, Dhaka, Division",1,FALSE,"Priority division","Watch","Critical","Urgent",1,1,"Review required",1,8,16,-8,3,34,35,6,17,11,19,122,276.16365,-154.16365,-0.55823295354041,201,195,396,6181.457523,0.837,0.586,15.25,3.24590163934426,2.66666666666667,0.507575757575758,0.492424242424242,102.114,4.688,FALSE,"Demonstration thresholds: delivery on track >=85%; QA strong >=80%; urgent if delivery or QA is below 60%. Confirm before operational use."
"CURRENT_SYLHET_MOULVIBAZAR","CURRENT_SNAPSHOT","Current quarter - source date not supplied",,"Consolidated district","Sylhet","Moulvibazar","Moulvibazar, Sylhet, Division",1,FALSE,"Routine monitoring","On track","Critical","Urgent",1,1,"No major flag",0,8,8,0,3,28,16,12,16,6,13,91,102.867903,-11.867903,-0.115370321100062,153,180,333,2031.410628,0.85,0.543,11.375,3.65934065934066,2.66666666666667,0.45945945945946,0.540540540540541,77.35,4.344,FALSE,"Demonstration thresholds: delivery on track >=85%; QA strong >=80%; urgent if delivery or QA is below 60%. Confirm before operational use."
"CURRENT_SYLHET_HABIGANJ","CURRENT_SNAPSHOT","Current quarter - source date not supplied",,"Consolidated district","Sylhet","Habiganj","Habiganj, Sylhet, Division",1,FALSE,"Routine monitoring","On track","Critical","Urgent",1,1,"Review required",1,10,10,0,3,70,33,17,20,48,39,227,162.955923,64.044077,0.393014723374001,381,228,609,3060.110025,0.853,0.559,22.7,2.68281938325991,3.33333333333333,0.625615763546798,0.374384236453202,193.631,5.59,FALSE,"Demonstration thresholds: delivery on track >=85%; QA strong >=80%; urgent if delivery or QA is below 60%. Confirm before operational use."
"CURRENT_BARISHAL_JHALOKATHI","CURRENT_SNAPSHOT","Current quarter - source date not supplied",,"Consolidated district","Barishal","Jhalokathi","Jhalokathi, Barishal, Division",1,FALSE,"Priority division","On track","Critical","Urgent",1,1,"Review required",1,10,7,3,3,116,71,15,47,36,22,307,104.157141,202.842859,1.94746953547813,502,519,1021,2530.133334,0.867,0.575,30.7,3.3257328990228,3.33333333333333,0.491674828599412,0.508325171400588,266.169,5.75,FALSE,"Demonstration thresholds: delivery on track >=85%; QA strong >=80%; urgent if delivery or QA is below 60%. Confirm before operational use."
"CURRENT_CHATTOGRAM_KHAGRACHHARI","CURRENT_SNAPSHOT","Current quarter - source date not supplied",,"Consolidated district","Chattogram","Khagrachhari","Khagrachhari, Chattogram, Division",1,FALSE,"Priority division","On track","Critical","Urgent",1,1,"Review required",1,12,9,3,5,84,56,14,29,24,13,220,266.429166,-46.429166,-0.174264577324841,375,471,846,5829.879168,0.869,0.537,18.3333333333333,3.84545454545455,2.4,0.443262411347518,0.556737588652482,191.18,6.444,FALSE,"Demonstration thresholds: delivery on track >=85%; QA strong >=80%; urgent if delivery or QA is below 60%. Confirm before operational use."
"CURRENT_RAJSHAHI_BOGURA","CURRENT_SNAPSHOT","Current quarter - source date not supplied",,"Consolidated district","Rajshahi","Bogura","Bogura, Rajshahi, Division",1,FALSE,"Routine monitoring","On track","Critical","Urgent",1,1,"Review required",1,12,17,-5,6,63,45,9,42,18,27,204,369.334287,-165.334287,-0.447654855829835,351,413,764,8476.501422,0.87,0.51,17,3.74509803921569,2,0.459424083769634,0.540575916230366,177.48,6.12,FALSE,"Demonstration thresholds: delivery on track >=85%; QA strong >=80%; urgent if delivery or QA is below 60%. Confirm before operational use."
"CURRENT_BARISHAL_BARISHAL","CURRENT_SNAPSHOT","Current quarter - source date not supplied",,"Consolidated district","Barishal","Barishal","Barishal, Barishal, Division",1,FALSE,"Priority division","On track","Critical","Urgent",1,1,"Review required",1,10,11,-1,3,144,54,22,41,38,48,347,185.541876,161.458124,0.870197755249602,397,522,919,3573.757608,0.872,0.546,34.7,2.64841498559078,3.33333333333333,0.431991294885745,0.568008705114255,302.584,5.46,FALSE,"Demonstration thresholds: delivery on track >=85%; QA strong >=80%; urgent if delivery or QA is below 60%. Confirm before operational use."
"CURRENT_DHAKA_SHARIATPUR","CURRENT_SNAPSHOT","Current quarter - source date not supplied",,"Consolidated district","Dhaka","Shariatpur","Shariatpur, Dhaka, Division",1,FALSE,"Priority division","On track","Critical","Urgent",1,1,"Review required",1,7,8,-1,3,40,13,6,7,12,8,86,224.157141,-138.157141,-0.616340574222438,120,110,230,6056.421429,0.873,0.546,12.2857142857143,2.67441860465116,2.33333333333333,0.521739130434783,0.478260869565217,75.078,3.822,FALSE,"Demonstration thresholds: delivery on track >=85%; QA strong >=80%; urgent if delivery or QA is below 60%. Confirm before operational use."
"CURRENT_DHAKA_MUNSHIGANJ","CURRENT_SNAPSHOT","Current quarter - source date not supplied",,"Consolidated district","Dhaka","Munshiganj","Munshiganj, Dhaka, Division",1,FALSE,"Priority division","On track","Critical","Urgent",1,1,"Review required",1,10,7,3,4,44,37,13,19,33,18,164,202.980852,-38.980852,-0.19204201586463,277,228,505,3881.012658,0.878,0.534,16.4,3.07926829268293,2.5,0.548514851485149,0.451485148514851,143.992,5.34,FALSE,"Demonstration thresholds: delivery on track >=85%; QA strong >=80%; urgent if delivery or QA is below 60%. Confirm before operational use."
"CURRENT_DHAKA_KISHOREGANJ","CURRENT_SNAPSHOT","Current quarter - source date not supplied",,"Consolidated district","Dhaka","Kishoreganj","Kishoreganj, Dhaka, Division",1,FALSE,"Priority division","On track","Critical","Urgent",1,1,"Review required",1,6,19,-13,4,29,33,4,18,6,7,97,395.54283,-298.54283,-0.754767391435208,211,270,481,11108.094456,0.885,0.572,16.1666666666667,4.95876288659794,1.5,0.438669438669439,0.561330561330561,85.845,3.432,FALSE,"Demonstration thresholds: delivery on track >=85%; QA strong >=80%; urgent if delivery or QA is below 60%. Confirm before operational use."
"CURRENT_KHULNA_CHUADANGA","CURRENT_SNAPSHOT","Current quarter - source date not supplied",,"Consolidated district","Khulna","Chuadanga","Chuadanga, Khulna, Division",1,FALSE,"Routine monitoring","On track","Critical","Urgent",1,1,"Review required",1,8,8,0,4,51,30,9,24,13,3,130,168.985713,-38.985713,-0.230704195685466,209,272,481,4284.392859,0.89,0.549,16.25,3.7,2,0.434511434511435,0.565488565488566,115.7,4.392,FALSE,"Demonstration thresholds: delivery on track >=85%; QA strong >=80%; urgent if delivery or QA is below 60%. Confirm before operational use."
"CURRENT_CHATTOGRAM_RANGAMATI","CURRENT_SNAPSHOT","Current quarter - source date not supplied",,"Consolidated district","Chattogram","Rangamati","Rangamati, Chattogram, Division",1,FALSE,"Priority division","On track","Critical","Urgent",1,1,"Review required",1,11,13,-2,5,54,34,12,47,23,14,184,179.221428,4.778572,0.0266629501467871,271,371,642,3740.971428,0.897,0.565,16.7272727272727,3.48913043478261,2.2,0.422118380062305,0.577881619937695,165.048,6.215,FALSE,"Demonstration thresholds: delivery on track >=85%; QA strong >=80%; urgent if delivery or QA is below 60%. Confirm before operational use."
"CURRENT_MYMENSINGH_NETROKONA","CURRENT_SNAPSHOT","Current quarter - source date not supplied",,"Consolidated district","Mymensingh","Netrokona","Netrokona, Mymensingh, Division",1,FALSE,"Routine monitoring","On track","Critical","Urgent",1,1,"Review required",1,6,10,-4,4,31,15,19,14,10,12,101,205.700988,-104.700988,-0.508996038463364,141,196,337,4188.640506,0.974,0.599,16.8333333333333,3.33663366336634,1.5,0.41839762611276,0.58160237388724,98.374,3.594,FALSE,"Demonstration thresholds: delivery on track >=85%; QA strong >=80%; urgent if delivery or QA is below 60%. Confirm before operational use."
"CURRENT_BARISHAL_PIROJPUR","CURRENT_SNAPSHOT","Current quarter - source date not supplied",,"Consolidated district","Barishal","Pirojpur","Pirojpur, Barishal, Division",1,FALSE,"Priority division","On track","Critical","Urgent",1,1,"Review required",1,11,10,1,4,71,120,15,28,23,31,288,174.265563,113.734437,0.652650099319967,568,716,1284,4694.506407,1,0.545,26.1818181818182,4.45833333333333,2.75,0.442367601246106,0.557632398753894,288,5.995,FALSE,"Demonstration thresholds: delivery on track >=85%; QA strong >=80%; urgent if delivery or QA is below 60%. Confirm before operational use."
"CURRENT_CHATTOGRAM_CUMILLA","CURRENT_SNAPSHOT","Current quarter - source date not supplied",,"Consolidated district","Chattogram","Cumilla","Cumilla, Chattogram, Division",1,FALSE,"Priority division","On track","Critical","Urgent",1,1,"Review required",1,13,24,-11,4,72,92,24,46,18,21,273,343.076439,-70.076439,-0.204258966906206,367,584,951,7759.711071,1,0.594,21,3.48351648351648,3.25,0.385909568874869,0.614090431125131,273,7.722,FALSE,"Demonstration thresholds: delivery on track >=85%; QA strong >=80%; urgent if delivery or QA is below 60%. Confirm before operational use."
"CURRENT_DHAKA_DHAKA","CURRENT_SNAPSHOT","Current quarter - source date not supplied",,"Consolidated district","Dhaka","Dhaka","Dhaka, Dhaka, Division",3,TRUE,"Priority division","Critical","Strong","Watch",2,1,"Review required",1,35,21,14,12,174,124,22,76,65,51,512,322.950711,189.049289,0.585381244136663,859,1025,1884,7612.075053,0.63710546875,0.831714285714286,14.6285714285714,3.6796875,2.91666666666667,0.455944798301486,0.544055201698514,326.198,29.11,TRUE,"Demonstration thresholds: delivery on track >=85%; QA strong >=80%; urgent if delivery or QA is below 60%. Confirm before operational use."
"CURRENT_KHULNA_SATKHIRA","CURRENT_SNAPSHOT","Current quarter - source date not supplied",,"Consolidated district","Khulna","Satkhira","Satkhira, Khulna, Division",1,FALSE,"Routine monitoring","Watch","Watch","Watch",2,1,"Review required",1,6,10,-4,4,61,15,8,17,14,20,135,250.586583,-115.586583,-0.461264053391079,277,273,550,6940.628676,0.762,0.752,22.5,4.07407407407407,1.5,0.503636363636364,0.496363636363636,102.87,4.512,FALSE,"Demonstration thresholds: delivery on track >=85%; QA strong >=80%; urgent if delivery or QA is below 60%. Confirm before operational use."
"CURRENT_KHULNA_KHULNA","CURRENT_SNAPSHOT","Current quarter - source date not supplied",,"Consolidated district","Khulna","Khulna","Khulna, Khulna, Division",2,TRUE,"Routine monitoring","Watch","Watch","Watch",2,1,"Review required",1,18,17,1,7,105,83,30,63,24,51,356,314.076801,41.923199,0.133480724671543,630,677,1307,7707.458595,0.768828651685393,0.741,19.7777777777778,3.67134831460674,2.57142857142857,0.482019892884468,0.517980107115532,273.703,13.338,FALSE,"Demonstration thresholds: delivery on track >=85%; QA strong >=80%; urgent if delivery or QA is below 60%. Confirm before operational use."
"CURRENT_RANGPUR_LALMONIRHAT","CURRENT_SNAPSHOT","Current quarter - source date not supplied",,"Consolidated district","Rangpur","Lalmonirhat","Lalmonirhat, Rangpur, Division",1,FALSE,"Routine monitoring","Watch","Strong","Watch",2,1,"Review required",1,16,6,10,8,90,85,34,22,33,56,320,56.766666,263.233334,4.63711104682456,436,514,950,1256.008335,0.772,0.889,20,2.96875,2,0.458947368421053,0.541052631578947,247.04,14.224,FALSE,"Demonstration thresholds: delivery on track >=85%; QA strong >=80%; urgent if delivery or QA is below 60%. Confirm before operational use."
"CURRENT_KHULNA_MAGURA","CURRENT_SNAPSHOT","Current quarter - source date not supplied",,"Consolidated district","Khulna","Magura","Magura, Khulna, Division",1,FALSE,"Routine monitoring","Watch","Watch","Watch",2,1,"Review required",1,11,5,6,4,67,34,5,23,9,14,152,88.446429,63.553571,0.718554403140459,246,188,434,1429.003572,0.775,0.679,13.8181818181818,2.85526315789474,2.75,0.566820276497696,0.433179723502304,117.8,7.469,FALSE,"Demonstration thresholds: delivery on track >=85%; QA strong >=80%; urgent if delivery or QA is below 60%. Confirm before operational use."
"CURRENT_DHAKA_GOPALGANJ","CURRENT_SNAPSHOT","Current quarter - source date not supplied",,"Consolidated district","Dhaka","Gopalganj","Gopalganj, Dhaka, Division",1,FALSE,"Priority division","Watch","Watch","Watch",2,1,"Review required",1,8,6,2,4,30,24,9,7,16,9,95,74.700708,20.299292,0.271741627937449,188,97,285,2348.479986,0.776,0.649,11.875,3,2,0.659649122807018,0.340350877192982,73.72,5.192,FALSE,"Demonstration thresholds: delivery on track >=85%; QA strong >=80%; urgent if delivery or QA is below 60%. Confirm before operational use."
"CURRENT_RAJSHAHI_NAOGAON","CURRENT_SNAPSHOT","Current quarter - source date not supplied",,"Consolidated district","Rajshahi","Naogaon","Naogaon, Rajshahi, Division",1,FALSE,"Routine monitoring","Watch","Strong","Watch",2,1,"Review required",1,7,12,-5,3,54,36,6,18,18,12,144,279.847617,-135.847617,-0.485434246166906,286,341,627,6322.119054,0.789,0.885,20.5714285714286,4.35416666666667,2.33333333333333,0.456140350877193,0.543859649122807,113.616,6.195,FALSE,"Demonstration thresholds: delivery on track >=85%; QA strong >=80%; urgent if delivery or QA is below 60%. Confirm before operational use."
"CURRENT_CHATTOGRAM_CHANDPUR","CURRENT_SNAPSHOT","Current quarter - source date not supplied",,"Consolidated district","Chattogram","Chandpur","Chandpur, Chattogram, Division",1,FALSE,"Priority division","Watch","Watch","Watch",2,1,"Review required",1,7,8,-1,4,42,22,5,16,18,9,112,126.107142,-14.107142,-0.111866320783005,89,205,294,3109.628571,0.796,0.668,16,2.625,1.75,0.302721088435374,0.697278911564626,89.152,4.676,FALSE,"Demonstration thresholds: delivery on track >=85%; QA strong >=80%; urgent if delivery or QA is below 60%. Confirm before operational use."
"CURRENT_DHAKA_MADARIPUR","CURRENT_SNAPSHOT","Current quarter - source date not supplied",,"Consolidated district","Dhaka","Madaripur","Madaripur, Dhaka, Division",1,FALSE,"Priority division","Watch","Watch","Watch",2,1,"Review required",1,12,5,7,3,68,55,31,36,35,20,245,136.347756,108.652244,0.796875923649231,352,462,814,4028.88141,0.809,0.694,20.4166666666667,3.32244897959184,4,0.432432432432432,0.567567567567568,198.205,8.328,FALSE,"Demonstration thresholds: delivery on track >=85%; QA strong >=80%; urgent if delivery or QA is below 60%. Confirm before operational use."
"CURRENT_DHAKA_MANIKGANJ","CURRENT_SNAPSHOT","Current quarter - source date not supplied",,"Consolidated district","Dhaka","Manikganj","Manikganj, Dhaka, Division",1,FALSE,"Priority division","Watch","Strong","Watch",2,1,"Review required",1,8,9,-1,4,58,47,16,17,17,28,183,128.840343,54.159657,0.420362564542381,255,370,625,2921.643612,0.815,0.895,22.875,3.41530054644809,2,0.408,0.592,149.145,7.16,FALSE,"Demonstration thresholds: delivery on track >=85%; QA strong >=80%; urgent if delivery or QA is below 60%. Confirm before operational use."
"CURRENT_KHULNA_KUSHTIA","CURRENT_SNAPSHOT","Current quarter - source date not supplied",,"Consolidated district","Khulna","Kushtia","Kushtia, Khulna, Division",1,FALSE,"Routine monitoring","Watch","Strong","Watch",2,1,"Review required",1,11,8,3,4,66,74,25,31,41,18,255,182.894643,72.105357,0.394245319694793,465,441,906,4079.184891,0.817,0.835,23.1818181818182,3.55294117647059,2.75,0.513245033112583,0.486754966887417,208.335,9.185,FALSE,"Demonstration thresholds: delivery on track >=85%; QA strong >=80%; urgent if delivery or QA is below 60%. Confirm before operational use."
"CURRENT_RAJSHAHI_PABNA","CURRENT_SNAPSHOT","Current quarter - source date not supplied",,"Consolidated district","Rajshahi","Pabna","Pabna, Rajshahi, Division",1,FALSE,"Routine monitoring","Watch","Strong","Watch",2,1,"Review required",1,11,10,1,4,74,62,18,38,13,18,223,152.063724,70.936276,0.466490456330005,226,497,723,3428.049021,0.819,0.888,20.2727272727273,3.24215246636771,2.75,0.312586445366528,0.687413554633472,182.637,9.768,FALSE,"Demonstration thresholds: delivery on track >=85%; QA strong >=80%; urgent if delivery or QA is below 60%. Confirm before operational use."
"CURRENT_RANGPUR_GAIBANDHA","CURRENT_SNAPSHOT","Current quarter - source date not supplied",,"Consolidated district","Rangpur","Gaibandha","Gaibandha, Rangpur, Division",1,FALSE,"Routine monitoring","Watch","Watch","Watch",2,1,"Review required",1,6,8,-2,4,14,12,2,12,22,4,66,103.494828,-37.494828,-0.362286973412816,85,140,225,2740.528662,0.819,0.753,11,3.40909090909091,1.5,0.377777777777778,0.622222222222222,54.054,4.518,FALSE,"Demonstration thresholds: delivery on track >=85%; QA strong >=80%; urgent if delivery or QA is below 60%. Confirm before operational use."
"CURRENT_RANGPUR_KURIGRAM","CURRENT_SNAPSHOT","Current quarter - source date not supplied",,"Consolidated district","Rangpur","Kurigram","Kurigram, Rangpur, Division",1,FALSE,"Routine monitoring","Watch","Strong","Watch",2,1,"Review required",1,8,11,-3,4,28,29,17,51,18,7,150,237.343326,-87.343326,-0.368004137601072,304,323,627,3777.668052,0.824,0.869,18.75,4.18,2,0.484848484848485,0.515151515151515,123.6,6.952,FALSE,"Demonstration thresholds: delivery on track >=85%; QA strong >=80%; urgent if delivery or QA is below 60%. Confirm before operational use."
"CURRENT_CHATTOGRAM_LAKSHMIPUR","CURRENT_SNAPSHOT","Current quarter - source date not supplied",,"Consolidated district","Chattogram","Lakshmipur","Lakshmipur, Chattogram, Division",1,FALSE,"Priority division","Watch","Watch","Watch",2,1,"No major flag",0,8,8,0,3,35,29,14,14,15,23,130,111.374382,18.625618,0.167234310669396,145,283,428,1953.24138,0.827,0.719,16.25,3.29230769230769,2.66666666666667,0.338785046728972,0.661214953271028,107.51,5.752,FALSE,"Demonstration thresholds: delivery on track >=85%; QA strong >=80%; urgent if delivery or QA is below 60%. Confirm before operational use."
"CURRENT_RAJSHAHI_CHAPAINAWABGANJ","CURRENT_SNAPSHOT","Current quarter - source date not supplied",,"Consolidated district","Rajshahi","Chapainawabganj","Chapainawabganj, Rajshahi, Division",1,FALSE,"Routine monitoring","Watch","Strong","Watch",2,1,"Review required",1,9,5,4,3,57,27,9,18,25,15,151,112.687719,38.312281,0.339986303210202,180,274,454,2525.267547,0.834,0.809,16.7777777777778,3.00662251655629,3,0.39647577092511,0.60352422907489,125.934,7.281,FALSE,"Demonstration thresholds: delivery on track >=85%; QA strong >=80%; urgent if delivery or QA is below 60%. Confirm before operational use."
"CURRENT_RAJSHAHI_SIRAJGANJ","CURRENT_SNAPSHOT","Current quarter - source date not supplied",,"Consolidated district","Rajshahi","Sirajganj","Sirajganj, Rajshahi, Division",1,FALSE,"Routine monitoring","Watch","Strong","Watch",2,1,"Review required",1,11,13,-2,3,85,53,28,36,29,17,248,239.015787,8.98421300000001,0.0375883664956408,332,417,749,6211.405263,0.849,0.891,22.5454545454545,3.02016129032258,3.66666666666667,0.443257676902537,0.556742323097463,210.552,9.801,FALSE,"Demonstration thresholds: delivery on track >=85%; QA strong >=80%; urgent if delivery or QA is below 60%. Confirm before operational use."
"CURRENT_CHATTOGRAM_CHATTOGRAM","CURRENT_SNAPSHOT","Current quarter - source date not supplied",,"Consolidated district","Chattogram","Chattogram","Chattogram, Chattogram, Division",2,TRUE,"Priority division","On track","Watch","Watch",2,1,"Review required",1,21,20,1,8,191,107,94,91,74,42,599,376.761906,222.238094,0.58986349325879,815,1301,2116,9708.476187,0.856976627712855,0.734190476190476,28.5238095238095,3.53255425709516,2.625,0.385160680529301,0.6148393194707,513.329,15.418,FALSE,"Demonstration thresholds: delivery on track >=85%; QA strong >=80%; urgent if delivery or QA is below 60%. Confirm before operational use."
"CURRENT_RANGPUR_RANGPUR","CURRENT_SNAPSHOT","Current quarter - source date not supplied",,"Consolidated district","Rangpur","Rangpur","Rangpur, Rangpur, Division",1,FALSE,"Routine monitoring","On track","Watch","Watch",2,1,"Review required",1,10,11,-1,5,54,71,9,13,32,17,196,163.108722,32.891278,0.201652478155031,299,371,670,3301.766487,0.862,0.656,19.6,3.41836734693878,2,0.446268656716418,0.553731343283582,168.952,6.56,FALSE,"Demonstration thresholds: delivery on track >=85%; QA strong >=80%; urgent if delivery or QA is below 60%. Confirm before operational use."
"CURRENT_CHATTOGRAM_FENI","CURRENT_SNAPSHOT","Current quarter - source date not supplied",,"Consolidated district","Chattogram","Feni","Feni, Chattogram, Division",1,FALSE,"Priority division","On track","Watch","Watch",2,1,"Review required",1,22,7,15,10,84,104,11,62,30,14,305,124.827378,180.172622,1.4433742411861,433,721,1154,2624.702379,0.864,0.606,13.8636363636364,3.78360655737705,2.2,0.375216637781629,0.624783362218371,263.52,13.332,FALSE,"Demonstration thresholds: delivery on track >=85%; QA strong >=80%; urgent if delivery or QA is below 60%. Confirm before operational use."
"CURRENT_KHULNA_JHENAIDAH","CURRENT_SNAPSHOT","Current quarter - source date not supplied",,"Consolidated district","Khulna","Jhenaidah","Jhenaidah, Khulna, Division",1,FALSE,"Routine monitoring","On track","Watch","Watch",2,1,"Review required",1,10,10,0,3,48,43,12,56,17,16,192,248.529396,-56.529396,-0.227455572297774,335,374,709,6295.717857,0.866,0.619,19.2,3.69270833333333,3.33333333333333,0.472496473906911,0.527503526093089,166.272,6.19,FALSE,"Demonstration thresholds: delivery on track >=85%; QA strong >=80%; urgent if delivery or QA is below 60%. Confirm before operational use."
"CURRENT_MYMENSINGH_SHERPUR","CURRENT_SNAPSHOT","Current quarter - source date not supplied",,"Consolidated district","Mymensingh","Sherpur","Sherpur, Mymensingh, Division",1,FALSE,"Routine monitoring","On track","Watch","Watch",2,1,"Review required",1,5,8,-3,4,28,23,14,28,10,14,117,201.345237,-84.345237,-0.418908528737633,151,227,378,4861.164717,0.887,0.739,23.4,3.23076923076923,1.25,0.3994708994709,0.600529100529101,103.779,3.695,FALSE,"Demonstration thresholds: delivery on track >=85%; QA strong >=80%; urgent if delivery or QA is below 60%. Confirm before operational use."
"CURRENT_MYMENSINGH_MYMENSINGH","CURRENT_SNAPSHOT","Current quarter - source date not supplied",,"Consolidated district","Mymensingh","Mymensingh","Mymensingh, Mymensingh, Division",1,FALSE,"Routine monitoring","On track","Watch","Watch",2,1,"Review required",1,12,17,-5,3,59,42,20,27,33,15,196,308.289684,-112.289684,-0.364234321898361,250,527,777,7285.313754,0.888,0.757,16.3333333333333,3.96428571428571,4,0.321750321750322,0.678249678249678,174.048,9.084,FALSE,"Demonstration thresholds: delivery on track >=85%; QA strong >=80%; urgent if delivery or QA is below 60%. Confirm before operational use."
"CURRENT_DHAKA_GAZIPUR","CURRENT_SNAPSHOT","Current quarter - source date not supplied",,"Consolidated district","Dhaka","Gazipur","Gazipur, Dhaka, Division",1,FALSE,"Priority division","On track","Watch","Watch",2,1,"Review required",1,5,8,-3,3,23,20,12,21,17,8,101,152.364807,-51.364807,-0.337117264881253,178,249,427,2908.308273,0.909,0.714,20.2,4.22772277227723,1.66666666666667,0.416861826697892,0.583138173302108,91.809,3.57,FALSE,"Demonstration thresholds: delivery on track >=85%; QA strong >=80%; urgent if delivery or QA is below 60%. Confirm before operational use."
"CURRENT_DHAKA_NARSINGDI","CURRENT_SNAPSHOT","Current quarter - source date not supplied",,"Consolidated district","Dhaka","Narsingdi","Narsingdi, Dhaka, Division",1,FALSE,"Priority division","On track","Watch","Watch",2,1,"Review required",1,9,8,1,4,43,61,17,45,16,30,212,133.55238,78.44762,0.58739215280177,295,569,864,2932.642842,0.919,0.706,23.5555555555556,4.07547169811321,2.25,0.341435185185185,0.658564814814815,194.828,6.354,FALSE,"Demonstration thresholds: delivery on track >=85%; QA strong >=80%; urgent if delivery or QA is below 60%. Confirm before operational use."
"CURRENT_RANGPUR_THAKURGAON","CURRENT_SNAPSHOT","Current quarter - source date not supplied",,"Consolidated district","Rangpur","Thakurgaon","Thakurgaon, Rangpur, Division",1,FALSE,"Routine monitoring","On track","Watch","Watch",2,1,"Review required",1,5,9,-4,3,39,35,11,32,29,10,156,134.372454,21.627546,0.160952229093025,203,382,585,3356.658441,0.921,0.67,31.2,3.75,1.66666666666667,0.347008547008547,0.652991452991453,143.676,3.35,FALSE,"Demonstration thresholds: delivery on track >=85%; QA strong >=80%; urgent if delivery or QA is below 60%. Confirm before operational use."
"CURRENT_RAJSHAHI_RAJSHAHI","CURRENT_SNAPSHOT","Current quarter - source date not supplied",,"Consolidated district","Rajshahi","Rajshahi","Rajshahi, Rajshahi, Division",1,FALSE,"Routine monitoring","On track","Watch","Watch",2,1,"Review required",1,8,14,-6,4,58,79,20,24,12,8,201,261.196554,-60.196554,-0.230464579559499,311,510,821,6407.628006,0.928,0.667,25.125,4.08457711442786,2,0.378806333739342,0.621193666260658,186.528,5.336,FALSE,"Demonstration thresholds: delivery on track >=85%; QA strong >=80%; urgent if delivery or QA is below 60%. Confirm before operational use."
"CURRENT_RAJSHAHI_NATORE","CURRENT_SNAPSHOT","Current quarter - source date not supplied",,"Consolidated district","Rajshahi","Natore","Natore, Rajshahi, Division",1,FALSE,"Routine monitoring","On track","Watch","Watch",2,1,"Review required",1,14,9,5,3,54,91,33,36,13,28,255,203.559336,51.440664,0.252705992320588,354,617,971,4353.100431,0.935,0.629,18.2142857142857,3.8078431372549,4.66666666666667,0.364572605561277,0.635427394438723,238.425,8.806,FALSE,"Demonstration thresholds: delivery on track >=85%; QA strong >=80%; urgent if delivery or QA is below 60%. Confirm before operational use."
"CURRENT_DHAKA_FARIDPUR","CURRENT_SNAPSHOT","Current quarter - source date not supplied",,"Consolidated district","Dhaka","Faridpur","Faridpur, Dhaka, Division",1,FALSE,"Priority division","On track","Watch","Watch",2,1,"Review required",1,6,11,-5,3,52,64,16,36,26,28,222,165.435111,56.564889,0.341915864522858,412,424,836,3769.643724,0.951,0.773,37,3.76576576576577,2,0.492822966507177,0.507177033492823,211.122,4.638,FALSE,"Demonstration thresholds: delivery on track >=85%; QA strong >=80%; urgent if delivery or QA is below 60%. Confirm before operational use."
"CURRENT_CHATTOGRAM_COXSBAZAR","CURRENT_SNAPSHOT","Current quarter - source date not supplied",,"Consolidated district","Chattogram","Cox's Bazar","Cox's Bazar, Chattogram, Division",1,FALSE,"Priority division","On track","Watch","Watch",2,1,"Review required",1,6,9,-3,3,38,38,8,40,19,21,164,139.326225,24.673775,0.177093544305819,242,398,640,2225.452173,0.959,0.708,27.3333333333333,3.90243902439024,2,0.378125,0.621875,157.276,4.248,FALSE,"Demonstration thresholds: delivery on track >=85%; QA strong >=80%; urgent if delivery or QA is below 60%. Confirm before operational use."
"CURRENT_KHULNA_MEHERPUR","CURRENT_SNAPSHOT","Current quarter - source date not supplied",,"Consolidated district","Khulna","Meherpur","Meherpur, Khulna, Division",1,FALSE,"Routine monitoring","On track","Watch","Watch",2,1,"Review required",1,7,4,3,4,81,34,25,29,31,17,217,130.42857,86.57143,0.663745910884402,378,502,880,3737.185713,0.979,0.657,31,4.05529953917051,1.75,0.429545454545455,0.570454545454545,212.443,4.599,FALSE,"Demonstration thresholds: delivery on track >=85%; QA strong >=80%; urgent if delivery or QA is below 60%. Confirm before operational use."
"CURRENT_SYLHET_SUNAMGANJ","CURRENT_SNAPSHOT","Current quarter - source date not supplied",,"Consolidated district","Sylhet","Sunamganj","Sunamganj, Sylhet, Division",1,FALSE,"Routine monitoring","On track","Strong","On track",3,0,"Review required",1,8,15,-7,3,53,23,19,12,18,23,148,276.880158,-128.880158,-0.465472711843801,234,261,495,6464.62143,0.868,0.805,18.5,3.3445945945946,2.66666666666667,0.472727272727273,0.527272727272727,128.464,6.44,FALSE,"Demonstration thresholds: delivery on track >=85%; QA strong >=80%; urgent if delivery or QA is below 60%. Confirm before operational use."
"CURRENT_CHATTOGRAM_BANDARBAN","CURRENT_SNAPSHOT","Current quarter - source date not supplied",,"Consolidated district","Chattogram","Bandarban","Bandarban, Chattogram, Division",1,FALSE,"Priority division","On track","Strong","On track",3,0,"Review required",1,11,8,3,3,45,39,8,17,9,23,141,120.35049,20.64951,0.171578113225796,277,371,648,1779.580881,0.875,0.805,12.8181818181818,4.59574468085106,3.66666666666667,0.427469135802469,0.572530864197531,123.375,8.855,FALSE,"Demonstration thresholds: delivery on track >=85%; QA strong >=80%; urgent if delivery or QA is below 60%. Confirm before operational use."
"CURRENT_KHULNA_NARAIL","CURRENT_SNAPSHOT","Current quarter - source date not supplied",,"Consolidated district","Khulna","Narail","Narail, Khulna, Division",1,FALSE,"Routine monitoring","On track","Strong","On track",3,0,"Review required",1,7,4,3,3,45,22,13,52,16,7,155,53.728572,101.271428,1.8848710142529,149,315,464,1682.62857,0.89,0.847,22.1428571428571,2.99354838709677,2.33333333333333,0.321120689655172,0.678879310344828,137.95,5.929,FALSE,"Demonstration thresholds: delivery on track >=85%; QA strong >=80%; urgent if delivery or QA is below 60%. Confirm before operational use."
"CURRENT_RAJSHAHI_JOYPURHAT","CURRENT_SNAPSHOT","Current quarter - source date not supplied",,"Consolidated district","Rajshahi","Joypurhat","Joypurhat, Rajshahi, Division",1,FALSE,"Routine monitoring","On track","Strong","On track",3,0,"Review required",1,16,6,10,7,74,70,78,42,36,58,358,74.925,283.075,3.77811144477811,603,648,1251,1803.9,0.894,0.852,22.375,3.49441340782123,2.28571428571429,0.482014388489209,0.517985611510791,320.052,13.632,FALSE,"Demonstration thresholds: delivery on track >=85%; QA strong >=80%; urgent if delivery or QA is below 60%. Confirm before operational use."
"CURRENT_CHATTOGRAM_BRAHMANBARIA","CURRENT_SNAPSHOT","Current quarter - source date not supplied",,"Consolidated district","Chattogram","Brahmanbaria","Brahmanbaria, Chattogram, Division",1,FALSE,"Priority division","On track","Strong","On track",3,0,"Review required",1,8,10,-2,3,50,84,16,20,10,11,191,191.361798,-0.361797999999993,-0.00189064904166501,251,338,589,3997.206417,0.903,0.838,23.875,3.08376963350785,2.66666666666667,0.426146010186757,0.573853989813243,172.473,6.704,FALSE,"Demonstration thresholds: delivery on track >=85%; QA strong >=80%; urgent if delivery or QA is below 60%. Confirm before operational use."
"CURRENT_DHAKA_RAJBARI","CURRENT_SNAPSHOT","Current quarter - source date not supplied",,"Consolidated district","Dhaka","Rajbari","Rajbari, Dhaka, Division",1,FALSE,"Priority division","On track","Strong","On track",3,0,"Review required",1,16,6,10,7,65,80,19,80,26,23,293,130.437171,162.562829,1.24629220147683,467,516,983,3432.515064,0.905,0.875,18.3125,3.35494880546075,2.28571428571429,0.475076297049847,0.524923702950153,265.165,14,FALSE,"Demonstration thresholds: delivery on track >=85%; QA strong >=80%; urgent if delivery or QA is below 60%. Confirm before operational use."
"CURRENT_SYLHET_SYLHET","CURRENT_SNAPSHOT","Current quarter - source date not supplied",,"Consolidated district","Sylhet","Sylhet","Sylhet, Sylhet, Division",1,FALSE,"Routine monitoring","On track","Strong","On track",3,0,"Review required",1,10,18,-8,5,33,39,13,16,34,27,162,442.003566,-280.003566,-0.633487119875409,150,386,536,10570.789284,0.909,0.9,16.2,3.30864197530864,2,0.279850746268657,0.720149253731343,147.258,9,FALSE,"Demonstration thresholds: delivery on track >=85%; QA strong >=80%; urgent if delivery or QA is below 60%. Confirm before operational use."
"CURRENT_MYMENSINGH_JAMALPUR","CURRENT_SNAPSHOT","Current quarter - source date not supplied",,"Consolidated district","Mymensingh","Jamalpur","Jamalpur, Mymensingh, Division",1,FALSE,"Routine monitoring","On track","Strong","On track",3,0,"Review required",1,7,9,-2,4,33,25,2,6,12,8,86,250.316598,-164.316598,-0.65643508785622,125,234,359,6670.385229,0.91,0.829,12.2857142857143,4.17441860465116,1.75,0.348189415041783,0.651810584958217,78.26,5.803,FALSE,"Demonstration thresholds: delivery on track >=85%; QA strong >=80%; urgent if delivery or QA is below 60%. Confirm before operational use."
"CURRENT_KHULNA_BAGERHAT","CURRENT_SNAPSHOT","Current quarter - source date not supplied",,"Consolidated district","Khulna","Bagerhat","Bagerhat, Khulna, Division",1,FALSE,"Routine monitoring","On track","Strong","On track",3,0,"Review required",1,7,13,-6,4,24,26,4,13,24,9,100,165.566484,-65.566484,-0.396013023988599,189,191,380,3608.410029,0.922,0.916,14.2857142857143,3.8,1.75,0.497368421052632,0.502631578947368,92.2,6.412,FALSE,"Demonstration thresholds: delivery on track >=85%; QA strong >=80%; urgent if delivery or QA is below 60%. Confirm before operational use."
"CURRENT_BARISHAL_BHOLA","CURRENT_SNAPSHOT","Current quarter - source date not supplied",,"Consolidated district","Barishal","Bhola","Bhola, Barishal, Division",1,FALSE,"Priority division","On track","Strong","On track",3,0,"Review required",1,11,8,3,4,32,51,9,24,15,21,152,175.176282,-23.176282,-0.132302625306319,205,253,458,5793.535257,0.938,0.904,13.8181818181818,3.01315789473684,2.75,0.447598253275109,0.552401746724891,142.576,9.944,FALSE,"Demonstration thresholds: delivery on track >=85%; QA strong >=80%; urgent if delivery or QA is below 60%. Confirm before operational use."
"CURRENT_KHULNA_JASHORE","CURRENT_SNAPSHOT","Current quarter - source date not supplied",,"Consolidated district","Khulna","Jashore","Jashore, Khulna, Division",1,FALSE,"Routine monitoring","On track","Strong","On track",3,0,"Review required",1,11,9,2,5,65,32,26,45,34,44,246,126.475605,119.524395,0.945039124343386,400,416,816,2898.399351,1,0.827,22.3636363636364,3.31707317073171,2.2,0.490196078431373,0.509803921568627,246,9.097,FALSE,"Demonstration thresholds: delivery on track >=85%; QA strong >=80%; urgent if delivery or QA is below 60%. Confirm before operational use."
"CURRENT_BARISHAL_PATUAKHALI","CURRENT_SNAPSHOT","Current quarter - source date not supplied",,"Consolidated district","Barishal","Patuakhali","Patuakhali, Barishal, Division",1,FALSE,"Priority division","On track","Strong","On track",3,0,"Review required",1,5,10,-5,4,74,53,14,30,12,36,219,287.794518,-68.7945179999999,-0.23904040451528,236,508,744,7256.531577,1,0.846,43.8,3.3972602739726,1.25,0.317204301075269,0.682795698924731,219,4.23,FALSE,"Demonstration thresholds: delivery on track >=85%; QA strong >=80%; urgent if delivery or QA is below 60%. Confirm before operational use."
"CURRENT_RANGPUR_NILPHAMARI","CURRENT_SNAPSHOT","Current quarter - source date not supplied",,"Consolidated district","Rangpur","Nilphamari","Nilphamari, Rangpur, Division",1,FALSE,"Routine monitoring","On track","Strong","On track",3,0,"Review required",1,6,9,-3,4,71,61,28,33,22,13,228,354.415788,-126.415788,-0.356687800826751,176,520,696,11116.537596,1,0.863,38,3.05263157894737,1.5,0.252873563218391,0.747126436781609,228,5.178,FALSE,"Demonstration thresholds: delivery on track >=85%; QA strong >=80%; urgent if delivery or QA is below 60%. Confirm before operational use."
